-- MySQL dump 10.13  Distrib 5.7.32, for Linux (x86_64)
--
-- Host: localhost    Database: bianquan
-- ------------------------------------------------------
-- Server version	5.7.32

/*!40101 SET @OLD_CHARACTER_SET_CLIENT=@@CHARACTER_SET_CLIENT */;
/*!40101 SET @OLD_CHARACTER_SET_RESULTS=@@CHARACTER_SET_RESULTS */;
/*!40101 SET @OLD_COLLATION_CONNECTION=@@COLLATION_CONNECTION */;
/*!40101 SET NAMES utf8 */;
/*!40103 SET @OLD_TIME_ZONE=@@TIME_ZONE */;
/*!40103 SET TIME_ZONE='+00:00' */;
/*!40014 SET @OLD_UNIQUE_CHECKS=@@UNIQUE_CHECKS, UNIQUE_CHECKS=0 */;
/*!40014 SET @OLD_FOREIGN_KEY_CHECKS=@@FOREIGN_KEY_CHECKS, FOREIGN_KEY_CHECKS=0 */;
/*!40101 SET @OLD_SQL_MODE=@@SQL_MODE, SQL_MODE='NO_AUTO_VALUE_ON_ZERO' */;
/*!40111 SET @OLD_SQL_NOTES=@@SQL_NOTES, SQL_NOTES=0 */;

--
-- Table structure for table `ad`
--

DROP TABLE IF EXISTS `ad`;
/*!40101 SET @saved_cs_client     = @@character_set_client */;
/*!40101 SET character_set_client = utf8 */;
CREATE TABLE `ad` (
  `a_ID` varchar(20) NOT NULL,
  `a_pwd` varchar(20) NOT NULL,
  PRIMARY KEY (`a_ID`)
) ENGINE=InnoDB DEFAULT CHARSET=utf8;
/*!40101 SET character_set_client = @saved_cs_client */;

--
-- Dumping data for table `ad`
--

LOCK TABLES `ad` WRITE;
/*!40000 ALTER TABLE `ad` DISABLE KEYS */;
INSERT INTO `ad` VALUES ('1009','1008');
/*!40000 ALTER TABLE `ad` ENABLE KEYS */;
UNLOCK TABLES;

--
-- Table structure for table `books`
--

DROP TABLE IF EXISTS `books`;
/*!40101 SET @saved_cs_client     = @@character_set_client */;
/*!40101 SET character_set_client = utf8 */;
CREATE TABLE `books` (
  `ISBN` varchar(20) NOT NULL,
  `b_name` varchar(20) NOT NULL,
  `author` varchar(20) NOT NULL,
  `type_ID` varchar(10) NOT NULL,
  `status` int(11) NOT NULL,
  `b_number` int(11) NOT NULL,
  PRIMARY KEY (`ISBN`)
) ENGINE=InnoDB DEFAULT CHARSET=utf8;
/*!40101 SET character_set_client = @saved_cs_client */;

--
-- Dumping data for table `books`
--

LOCK TABLES `books` WRITE;
/*!40000 ALTER TABLE `books` DISABLE KEYS */;
INSERT INTO `books` VALUES (' 9780307887436','Ready Player One','ErnestCline','1003',0,2),(' 9780441172719','Dune','FrankHerbert','1003',1,3),(' 9780486272634','Flatland','EdwinA.Abbott','1003',0,1),(' 9780743294744','越女剑','金庸','1006',1,1),(' 9784062990257','〇〇〇〇〇〇〇〇殺人事件','早坂吝','1005',1,0),(' 9785214589626','三体全集','刘慈欣','1003',0,1),(' 9785282111408','鸳鸯刀','金庸','1006',1,1),(' 9786547544887','盲人与狗','水天一色','1005',0,1),(' 9787010009148','毛泽东选集 第一卷','毛泽东','1002',1,0),(' 9787020008728','三国演义（全二册）','罗贯中','1001',1,0),(' 9787020024759','围城','钱钟书','1001',1,0),(' 9787020026906','白鹿原','陈忠实','1002',1,0),(' 9787020028115','骆驼祥子','老舍','1001',1,0),(' 9787020040179','傲慢与偏见','[英]简·奥斯汀','1001',1,0),(' 9787020049295','平凡的世界（全三部）','路遥','1001',1,0),(' 9787020049929','天使与魔鬼','[美]丹·布朗','1005',1,0),(' 9787020056088','尼罗河上的惨案','[英]阿加莎·克里斯蒂','1005',1,0),(' 9787020069200','朝鲜战争','王树增','1002',1,0),(' 9787020069828','达·芬奇密码','[美]丹·布朗','1005',1,0),(' 9787020079148','龙文身的女孩','[瑞典]斯蒂格·拉森','1005',1,0),(' 9787020083343','夜航西飞','[英]柏瑞尔·马卡姆','1004',1,0),(' 9787020090006','围城','钱钟书','1001',1,0),(' 9787020090297','白鹿原','陈忠实','1001',1,0),(' 9787020098392','刀背藏身','徐皓峰','1003',1,0),(' 9787020114115','动物园','[日]乙一','1005',1,0),(' 9787020116133','红星照耀中国','[美]埃德加·斯诺','1002',1,0),(' 9787020118786','横越美国','约翰·斯坦贝克','1004',1,0),(' 9787020120130','我的天才女友','[意]埃莱娜·费兰特','1001',1,0),(' 9787020125562','红楼梦','曹雪芹','1001',1,0),(' 9787020128495','体育馆之谜','青崎有吾','1005',1,0),(' 9787020143566','19年间谋杀小叙','那多','1001',1,0),(' 9787020145409','走到世界尽头','[爱尔兰]科尔姆·托宾','1004',1,0),(' 9787020146550','占卜师的预言','[意大利]蒂齐亚诺·泰尔扎尼','1004',1,0),(' 9787020152070','自指引擎','[日]圆城塔','1003',1,0),(' 9787020152582','树民','[美]安妮·普鲁','1001',1,0),(' 9787020160488','故宫六百年','祝勇','1002',1,1),(' 9787020164776','晚熟的人','莫言','1001',1,1),(' 9787100004824','西方哲学史（上卷）','伯特兰·罗素','1002',1,0),(' 9787100012935','菊与刀','[美]鲁思·本尼迪克特','1002',1,0),(' 9787100017664','國史大綱（上下）','钱穆','1002',1,0),(' 9787100062626','甜与权力','[美]西敏司','1002',1,0),(' 9787100105903','国史大纲','钱穆','1002',1,0),(' 9787100184175','中国古代的游侠','王齐','1003',1,0),(' 9787101003048','史记（全十册）','司马迁','1002',1,0),(' 9787101052039','万历十五年','[美]黄仁宇','1002',1,0),(' 9787101053463','资治通鉴','司马光','1002',1,0),(' 9787101067163','资治通鉴','司马光','1002',1,0),(' 9787101101621','万历十五年','黄仁宇','1002',1,0),(' 9787101128369','郑天挺西南联大日记','郑天挺','1002',1,0),(' 9787101138795','问彼嵩洛','耿朔','1004',1,0),(' 9787106038441','高智商犯罪2','紫金陈','1005',1,0),(' 9787108006615','书剑恩仇录','金庸','1006',1,0),(' 9787108006653','飞狐外传（上下册）','金庸','1006',1,0),(' 9787108006677','碧血剑','金庸','1006',1,0),(' 9787108006707','侠客行','金庸','1006',1,0),(' 9787108010186','历史深处的忧虑','林达','1002',1,0),(' 9787108010360','中国大历史','[美]黄仁宇','1002',1,0),(' 9787108012548','雪山飞狐','金庸','1006',1,0),(' 9787108012555','连城诀','金庸','1006',1,0),(' 9787108012630','飞狐外传','金庸','1006',1,0),(' 9787108017079','带一本书去巴黎','林达','1004',1,0),(' 9787108017949','规训与惩罚','[法]米歇尔·福柯','1002',1,0),(' 9787108021427','窥视印度','[日]妹尾河童','1004',1,0),(' 9787108022943','天朝的崩溃','茅海建','1002',1,0),(' 9787108026040','西班牙旅行笔记','林达','1004',1,0),(' 9787108029911','上学记','何兆武（口述）','1002',1,0),(' 9787108033437','昨日的世界','(奥)斯蒂芬·茨威格','1002',1,0),(' 9787108034731','巨流河','齐邦媛','1002',1,0),(' 9787108037909','叫魂','[美]孔飞力','1002',1,0),(' 9787108044297','西班牙旅行笔记','林达','1004',1,0),(' 9787108059598','美食地图集','[英]米娜·霍兰德','1004',1,0),(' 9787108067456','苏联的外宾商店','[俄罗斯]叶列娜·亚历山德罗夫娜·奥金娜','1002',1,0),(' 9787108067968','了不起的文明现场','李零','1002',1,0),(' 9787115548559','古希腊文明的光芒（上下）','赵林','1002',1,0),(' 9787122363992','然后，门被关上了','[日]冈岛二人','1005',1,0),(' 9787185123458','未来边缘','刘慈欣','1003',1,0),(' 9787200124781','一路向心——在空气稀薄地带骑行','白宇','1004',1,0),(' 9787201088334','故事','[美]罗伯特·麦基','1001',1,0),(' 9787201154381','独居冰岛的一年','嘉倩','1004',1,0),(' 9787201157412','低智商犯罪','紫金陈','1005',1,0),(' 9787201161693','蛤蟆先生去看心理医生','【英】罗伯特·戴博德','1001',1,0),(' 9787201163338','重新发现欧洲：意大利何以成为意大利','[英]杰里米·布莱克','1002',1,0),(' 9787201163413','完美嫌疑人','陈研一','1005',1,0),(' 9787203070696','风起陇西','马伯庸','1005',1,0),(' 9787208050037','达·芬奇密码','[美]丹·布朗','1005',1,0),(' 9787208084476','在漫长的旅途中','[日]星野道夫','1004',1,0),(' 9787208096615','城邦暴力团（下）','张大春','1003',1,0),(' 9787208137004','怒','[日]吉田修一','1005',1,0),(' 9787208138490','想象的共同体','[美]本尼迪克特·安德森','1002',1,0),(' 9787208164482','找不到工作的一年','[日]吉田修一','1001',1,0),(' 9787212064655','江山不夜','沈璎璎','1003',1,0),(' 9787213094422','犹太人三千年简史','[美]雷蒙德•P.谢德林','1002',1,0),(' 9787213097157','死亡邮递','[日]松本清张','1005',1,0),(' 9787214040992','我们','[俄]尤金·扎米亚金','1003',1,0),(' 9787218138725','唐蕃古道','张安福','1004',1,0),(' 9787220093104','历史的教训','[美]威尔·杜兰特','1002',1,0),(' 9787220100338','大国的崩溃','[美]沙希利·浦洛基','1002',1,0),(' 9787220105135','雨','[马来西亚]黄锦树','1001',1,0),(' 9787220106491','群','[德]弗兰克·施茨廷','1003',1,0),(' 9787220113383','五四运动史','[美]周策纵','1002',1,0),(' 9787220115042','冒险图鉴','[日]里内蓝著','1004',1,0),(' 9787220117831','星际迷航经济学','[法]马努·萨阿迪亚','1003',1,0),(' 9787220118173','尼尔·盖曼随笔集','[英]尼尔·盖曼','1003',1,0),(' 9787220118807','文青之死','赖香吟','1001',1,0),(' 9787221153159','82年生的金智英','[韩]赵南柱','1001',1,0),(' 9787222025639','潜规则','吴思','1002',1,0),(' 9787222065413','我的阿勒泰','李娟','1004',1,0),(' 9787223005715','神雕侠侣','金庸','1006',1,0),(' 9787223361835','冰与火之歌','[美]乔治·R.R.马丁','1001',1,0),(' 9787229030933','三体Ⅲ','刘慈欣','1001',1,0),(' 9787229040369','禅与摩托车维修艺术','(美)罗伯特·M.波西格','1001',1,0),(' 9787229046873','《地球编年史》指南','[美]撒迦利亚·西琴','1002',1,0),(' 9787229058791','心理罪','雷米','1005',1,0),(' 9787229100629','三体3','刘慈欣','1003',1,0),(' 9787229116804','红火星','[美]金·斯坦利·罗宾逊','1003',1,0),(' 9787229124410','三体','刘慈欣','1003',1,0),(' 9787229129378','西游八十一案','陈渐','1005',1,0),(' 9787229140458','银行局','边江','1005',1,0),(' 9787229143404','巴斯-拉格：钢铁议会','[英]柴纳·米耶维','1003',1,0),(' 9787302197751','北京古建筑地图（上册）','李路珂','1004',1,0),(' 9787302376767','两只小狗的手绘之旅','林田','1004',1,0),(' 9787302554493','中国妆束：大唐女儿行','左丘萌','1002',1,0),(' 9787303183876','危机与重构','李碧妍','1002',1,0),(' 9787305209970','拉丁美洲被切开的血管','[乌拉圭]爱德华多·加莱亚诺','1002',1,0),(' 9787500658917','长安乱','韩寒','1003',1,0),(' 9787500837671','金陵十三钗','[美]严歌苓','1002',1,0),(' 9787501400614','我的前半生','爱新觉罗·溥仪','1002',1,0),(' 9787501600069','茶花女','[法]小仲马','1001',1,0),(' 9787503530982','牛棚杂忆','季羡林','1002',1,0),(' 9787503946554','走吧，张小砚','张小砚','1004',1,0),(' 9787505724181','明朝那些事儿（伍）','当年明月','1002',1,0),(' 9787505724358','庆余年·壹','猫腻','1003',1,0),(' 9787505724365','庆余年·贰','猫腻','1003',1,0),(' 9787505733275','三千佛塔烟云下','郭建龙','1004',1,0),(' 9787505747449','无污染无公害','Priest','1003',1,0),(' 9787505749276','我不想成为任何人','[英]卡斯·亨特','1003',1,0),(' 9787505962866','全频带阻塞干扰','刘慈欣','1003',1,0),(' 9787506098069','一个人去东京','未来预想图','1004',1,0),(' 9787506337359','沿着塞纳河到翡冷翠','黄永玉','1004',1,0),(' 9787506365604','在细雨中呼喊','余华','1001',1,0),(' 9787506373753','陆犯焉识','严歌苓','1002',1,0),(' 9787506377843','金陵十三钗','严歌苓','1002',1,0),(' 9787507532890','蒋经国传','陶涵','1002',1,0),(' 9787508085883','旅行人信札','陈嘉映','1004',1,0),(' 9787508612102','激荡三十年','吴晓波','1002',1,0),(' 9787508628820','安徒生的帽子','肖小困著','1004',1,0),(' 9787508630922','美国种族简史','[美]托马斯·索维尔','1002',1,0),(' 9787508637242','南京大屠杀','[美]张纯如','1002',1,0),(' 9787508638119','众病之王','[美]悉达多·穆克吉','1002',1,0),(' 9787508641225','最好金龟换酒','傅真','1004',1,0),(' 9787508645483','泛若不系之舟','傅真','1004',1,0),(' 9787508648323','最好的时光在路上（50万册精装纪念版）','郭子鹰','1004',1,0),(' 9787508650951','S.','[美]J.J.艾布拉姆斯','1005',1,0),(' 9787508651392','不在他方','陈绮贞','1004',1,0),(' 9787508655642','谷物01','[英]Cereal编辑部','1004',1,0),(' 9787508657325','穿越百年中东','郭建龙','1004',1,0),(' 9787508658346','二手时间','[白俄]S.A.阿列克谢耶维奇','1002',1,0),(' 9787508663999','左京都男子休日','男子休日委员会','1004',1,0),(' 9787508664347','旅行与读书','詹宏志','1004',1,0),(' 9787508672069','未来简史','[以色列]尤瓦尔·赫拉利','1002',1,0),(' 9787508677613','东京一年','蒋方舟','1004',1,0),(' 9787508678047','小小巴黎书店','[德]妮娜·乔治','1004',1,0),(' 9787508683287','死在这里也不错','马家辉','1004',1,0),(' 9787508683607','知日·世上只有一个京都','茶乌龙/主编','1004',1,0),(' 9787508694115','到灯塔去，到小岛去','主编：肖小困','1004',1,0),(' 9787508694757','给孩子的科幻','刘慈欣','1003',1,0),(' 9787509000793','LA流浪记','蔡康永','1004',1,0),(' 9787509002780','ZOO','[日]乙一','1005',1,0),(' 9787510040481','中国神话传说','袁珂','1002',1,0),(' 9787510080920','守望者（下）','[英]阿兰·摩尔编剧','1003',1,0),(' 9787510088209','我见','[法]马克·吕布','1004',1,0),(' 9787510451393','步行者日记','唐纳德·L.布朗','1004',1,0),(' 9787510881145','网内人','陈浩基','1005',1,0),(' 9787510889615','南国之冬','张大春','1001',1,0),(' 9787510891670','伦敦的崛起','[英]斯蒂芬•奥尔福德','1002',1,0),(' 9787510891977','狗夫200天','陈紫莲','1004',1,0),(' 9787510892233','战时的第三帝国','理查德·J.埃文斯','1002',1,0),(' 9787510892912','三十年战争史','[英]彼得·威尔逊','1002',1,0),(' 9787510893469','太平天国革命运动史','简又文','1002',1,0),(' 9787511323149','绿皮火车','周云蓬','1004',1,0),(' 9787511329134','再不远行，就老了','王泓人','1004',1,0),(' 9787511360830','赡养人类','刘慈欣','1003',1,0),(' 9787511557391','半城花开：日本东海道骑行游记','天天','1004',1,0),(' 9787511812315','开放中的变迁','金观涛','1002',1,0),(' 9787512500983','1988：我想和这个世界谈谈','韩寒','1001',1,0),(' 9787513300674','一朵桔梗花','[日]连城三纪彦','1005',1,0),(' 9787513302043','两分铜币','[日]江户川乱步','1005',1,0),(' 9787513306775','占星术杀人魔法','（日）岛田庄司','1005',1,0),(' 9787513308991','莱伯维茨的赞歌','[美]小沃尔特·M·米勒','1003',1,0),(' 9787513311175','寓所谜案','[英]阿加莎·克里斯蒂','1005',1,0),(' 9787513311236','罗杰疑案','[英]阿加莎·克里斯蒂','1005',1,0),(' 9787513311588','全息玫瑰碎片','[美]威廉·吉布森','1003',1,0),(' 9787513311632','东方快车谋杀案','[英]阿加莎·克里斯蒂','1005',1,0),(' 9787513311939','藏书室女尸之谜','[英]阿加莎·克里斯蒂','1005',1,0),(' 9787513312462','ABC谋杀案','[英]阿加莎·克里斯蒂','1005',1,0),(' 9787513313421','尼罗河上的惨案','[英]阿加莎·克里斯蒂','1005',1,0),(' 9787513314572','罗马帽子之谜','[美]埃勒里·奎因','1005',1,0),(' 9787513314862','沉默的证人','[英]阿加莎·克里斯蒂','1005',1,0),(' 9787513317276','慈禧全传','高阳','1002',1,0),(' 9787513320061','万圣节前夜的谋杀','[英]阿加莎·克里斯蒂','1005',1,0),(' 9787513320955','钟表馆事件','[日]绫辻行人','1005',1,0),(' 9787513322270','夏日遇见狄更斯','[美]雷·布拉德伯里','1003',1,0),(' 9787513323840','Y的悲剧','[美]埃勒里·奎因','1005',1,0),(' 9787513324168','四魔头','[英]阿加莎·克里斯蒂','1005',1,0),(' 9787513326858','东方快车谋杀案','[英]阿加莎·克里斯蒂','1005',1,0),(' 9787513328999','从大都到上都','罗新','1004',1,0),(' 9787513329774','一瓣河川','雨楼清歌','1003',1,0),(' 9787513331418','第七天','余华','1001',1,0),(' 9787513332699','当我在一个仲夏清晨出走','[英]洛瑞·李','1004',1,0),(' 9787513334112','死亡终局','[英]阿加莎·克里斯蒂','1005',1,0),(' 9787513335737','钢铁海滩','[美]约翰·瓦利','1003',1,0),(' 9787513335744','世界杂货店','[美]罗伯特·谢克里','1003',1,0),(' 9787513335782','喜鹊谋杀案','[英]安东尼·霍洛维茨','1005',1,0),(' 9787513336246','东京右半分','[日]都筑响一','1004',1,0),(' 9787513337656','宇航服防尘指南','[美]哈尔·克莱门特','1003',1,0),(' 9787513340281','怜悯恶魔','[日]西泽保彦','1005',1,0),(' 9787513340625','扫鼠岭','呼延云','1005',1,0),(' 9787513340731','枉死城事件','时晨','1005',1,0),(' 9787513340984','侦探AI','[日]早坂吝','1003',1,0),(' 9787513341257','中国火星纪事','刘维佳编','1003',1,0),(' 9787513341523','长安异闻录','远宁','1005',1,0),(' 9787513411707','谜宫·如意琳琅图集','故宫博物院','1005',1,0),(' 9787513578608','冰雪纪行','[德]沃纳·赫尔佐格','1004',1,0),(' 9787513598255','夏日终曲','[美]安德烈·艾席蒙','1001',1,0),(' 9787513903509','耶路撒冷三千年','[英]西蒙·蒙蒂菲奥里','1002',1,0),(' 9787513913843','战后日本经济史','[日]野口悠纪雄','1002',1,0),(' 9787513921091','曾国藩传','张宏杰','1002',1,0),(' 9787513922838','秘境','[美]乔舒亚·福尔','1004',1,0),(' 9787513928083','维京人的世界','[英]菲利普·帕克','1002',1,0),(' 9787513930420','巴格达','[英]贾斯廷·马罗齐','1002',1,0),(' 9787513931090','黑镜','[英]查利·布鲁克','1003',1,0),(' 9787513931854','法国大革命思想史','[英]乔纳森·伊斯雷尔','1002',1,0),(' 9787514508284','天下不帅','李惟七','1003',1,0),(' 9787514617191','航海家的笔记本','[英]休·刘易斯-琼斯','1004',1,0),(' 9787516826997','舍不得看完的中国史','渤海小吏','1002',1,0),(' 9787516827192','西方博弈往事','九边','1002',1,0),(' 9787520151085','故土的陌生人','[美]阿莉·拉塞尔·霍赫希尔德','1002',1,0),(' 9787520153072','条顿骑士团','〔美〕威廉·厄本','1002',1,0),(' 9787520163323','神武军容耀天威','[美]鲁大维','1002',1,0),(' 9787520164924','中亚纪行','贝亚德·泰勒（BayardTaylor）','1004',1,0),(' 9787521200522','时间不存在','韩松','1003',1,0),(' 9787521708660','东京老铺','[波兰]乌尔巴诺维斯','1004',1,0),(' 9787521712032','剧变','[美]贾雷德·戴蒙德','1002',1,0),(' 9787521714364','历史上的大帝国','[法]加布里埃尔·马丁内斯-格罗斯','1002',1,0),(' 9787521714678','乡村教师','刘慈欣原著','1003',1,0),(' 9787521717846','背包二十年','小鹏','1004',1,0),(' 9787521718089','春山好','苏枕书','1004',1,0),(' 9787521721362','365日：一人一猫一世界','[日]中西直子','1004',1,0),(' 9787530208687','七夜雪','沧月','1003',1,0),(' 9787530209226','四世同堂','老舍','1001',1,0),(' 9787530209691','稻草人手记','三毛','1004',1,0),(' 9787530209776','万水千山走遍','三毛','1004',1,0),(' 9787530209936','额尔古纳河右岸','迟子建','1001',1,0),(' 9787530211069','万水千山走遍','三毛','1004',1,0),(' 9787530211151','红玫瑰与白玫瑰','张爱玲','1001',1,0),(' 9787530216606','黄金时代','王小波','1001',1,0),(' 9787530216842','伽利略的苦恼','[日]东野圭吾','1005',1,0),(' 9787530217559','假面山庄','[日]东野圭吾','1005',1,0),(' 9787530218198','悲剧人偶','[日]东野圭吾','1005',1,0),(' 9787530218341','偷书贼','[澳]马库斯·苏萨克','1001',1,0),(' 9787530218426','从前我死去的家','[日]东野圭吾','1005',1,0),(' 9787530219218','人生海海','麦家','1001',1,0),(' 9787530665947','如何创作科幻小说与奇幻小说','[美]奥森·斯科特·卡德','1003',1,0),(' 9787530675816','战国歧途','刘勃','1002',1,0),(' 9787530677216','失败者的春秋','刘勃','1002',1,0),(' 9787530679289','司马迁的记忆之野','刘勃','1002',1,0),(' 9787531325093','梦里花落知多少','郭敬明','1001',1,0),(' 9787532150397','夜航西飞','[英]柏瑞尔·马卡姆','1004',1,0),(' 9787532172146','星河战队','[美]罗伯特·海因莱因','1003',1,0),(' 9787532172252','倒悬的天空','程婧波','1003',1,0),(' 9787532172313','人类群星闪耀时','[奥]斯蒂芬·茨威格','1002',1,0),(' 9787532174072','清明上河图密码6','冶文彪','1002',1,0),(' 9787532175413','骑士的献祭','那多','1005',1,0),(' 9787532175505','赤朽叶家的传说','[日]樱庭一树','1005',1,0),(' 9787532175512','消失的13级台阶','[日]高野和明','1001',1,0),(' 9787532175697','绝对不在场证明','[日]大山诚一郎','1005',1,0),(' 9787532177721','风声','麦家','1001',1,0),(' 9787532177790','三天一生','皮耶尔·勒迈特','1005',1,0),(' 9787532576159','魏晋之际的政治权力与家族网络','仇鹿鸣','1002',1,0),(' 9787532733095','旅行的艺术','[英]阿兰·德波顿','1004',1,0),(' 9787532739547','月亮和六便士','[英]威廉·萨默塞特·毛姆','1001',1,0),(' 9787532739691','鲁滨孙历险记','[英]丹尼尔·笛福','1001',1,0),(' 9787532740079','罪与罚','[俄]费奥多尔·陀思妥耶夫斯基','1001',1,0),(' 9787532741854','动物农场','[英]乔治·奥威尔','1001',1,0),(' 9787532744756','罗生门','[日]芥川龙之介','1001',1,0),(' 9787532749386','旅行的艺术','(英)阿兰·德波顿','1004',1,0),(' 9787532749508','绑架游戏','[日]东野圭吾','1005',1,0),(' 9787532753659','远大前程','[英]狄更斯','1001',1,0),(' 9787532754687','银河系搭车客指南','[英]道格拉斯·亚当斯','1003',1,0),(' 9787532757763','华氏451','(美)雷·布拉德伯里','1003',1,0),(' 9787532760398','深夜特急','泽木耕太郎','1004',1,0),(' 9787532761753','鼠疫','(法)阿尔贝·加缪','1001',1,0),(' 9787532762897','小径分岔的花园','[阿根廷]博尔赫斯','1001',1,0),(' 9787532763719','白痴','[俄]陀思妥耶夫斯基','1001',1,0),(' 9787532763863','来自新世界 （上下）','[日]贵志祐介','1003',1,0),(' 9787532764303','夏日走过山间','[美]约翰·缪尔','1004',1,0),(' 9787532768288','盗梦侦探','[日]筒井康隆','1003',1,0),(' 9787532769384','意大利的黄昏','[英]D·H·劳伦斯','1004',1,0),(' 9787532771356','玫瑰的名字','[意]翁贝托·埃科','1001',1,0),(' 9787532775491','华氏451','[美]雷·布拉德伯里','1003',1,0),(' 9787532777532','长日将尽','[英]石黑一雄','1001',1,0),(' 9787532783519','十月国度','[美]雷·布拉德伯里','1003',1,0),(' 9787532784301','正常人','[爱尔兰]萨莉·鲁尼','1001',1,0),(' 9787532785070','我这样的机器','[英]伊恩·麦克尤恩','1003',1,0),(' 9787533944919','死者代言人','[美]奥森·斯科特·卡德','1003',1,0),(' 9787533946142','克苏鲁神话','[美]H.P.洛夫克拉夫特','1003',1,0),(' 9787533949204','分开旅行','陶立夏','1004',1,0),(' 9787533950057','生吞','郑执','1001',1,0),(' 9787533952136','庆熹纪事','红猪侠','1003',1,0),(' 9787533954079','电幻国度','[瑞典]西蒙·斯塔伦海格','1003',1,0),(' 9787533955090','克苏鲁神话Ⅲ','[美]H.P.洛夫克拉夫特','1003',1,0),(' 9787533957551','环形物语','[瑞典]西蒙·斯塔伦海格著绘','1003',1,0),(' 9787533960544','推理要在本格前','[日]谷崎润一郎','1005',1,0),(' 9787533960759','怪诞故事集','[波兰]奥尔加·托卡尔丘克','1001',1,0),(' 9787533961718','衣柜','[波兰]奥尔加·托卡尔丘克','1001',1,0),(' 9787534618727','草房子','曹文轩','1001',1,0),(' 9787535438379','流浪地球','刘慈欣','1003',1,0),(' 9787535450647','千秋','梦溪石','1003',1,0),(' 9787535458650','六道众生','何夕','1003',1,0),(' 9787535458667','乡村教师','刘慈欣','1003',1,0),(' 9787535491633','我有一切的美妙','尔尼','1004',1,0),(' 9787535499417','群鸟飞舞的世界末日','[美]查莉·简·安德斯','1003',1,0),(' 9787535663573','愚者的片尾','[日]米泽穗信','1005',1,0),(' 9787535676184','3秒','[法]马克-安托万·马修','1005',1,0),(' 9787535688255','鸟瞰古文明','[美]让-克劳德·戈尔万','1002',1,0),(' 9787535688378','认识建筑','[美]罗伯特·麦卡特','1004',1,0),(' 9787535690005','云淡风轻','蒋勋','1004',1,0),(' 9787535691682','克隆达·芬奇','[法]斯特凡纳·勒瓦卢瓦编绘','1002',1,0),(' 9787535691767','宇宙行者斯隆','[法]菲利普·德吕耶编绘','1003',1,0),(' 9787536079113','大明王朝1566','刘和平','1002',1,0),(' 9787536453265','安德的游戏','[美]奥森·斯科特·卡德','1003',1,0),(' 9787536455375','你一生的故事','[美]特德·蒋','1003',1,0),(' 9787536457577','银河系漫游指南','[英]道格拉斯·亚当斯','1003',1,0),(' 9787536457935','真名实姓','[美]弗诺·文奇','1003',1,0),(' 9787536465251','好兆头','尼尔·盖曼','1003',1,0),(' 9787536480773','帕莫·艾德里奇的三处圣痕','[美]菲利普·迪克','1003',1,0),(' 9787536481152','梦之海','刘慈欣','1003',1,0),(' 9787536489806','星髓','[美]罗伯特·里德','1003',1,0),(' 9787536494220','龙蛋','[美]罗伯特·福沃德','1003',1,0),(' 9787536495937','云球（第三部）','白丁','1003',1,0),(' 9787536498686','超人类','[美]西奥多·斯特金','1003',1,0),(' 9787536671805','美丽新世界','[英]阿道司·赫胥黎','1003',1,0),(' 9787536692930','三体','刘慈欣','1001',1,0),(' 9787537823425','边城','沈从文','1001',1,0),(' 9787537823449','湘行散记','沈从文','1004',1,0),(' 9787538264975','我们','[俄]叶夫根尼·扎米亚京','1003',1,0),(' 9787538725230','绿毛水怪','王小波','1001',1,0),(' 9787538737325','七夜雪','沧月','1003',1,0),(' 9787538740332','冬至草','[日]石黑达昌','1003',1,0),(' 9787539044545','六爻','Priest','1003',1,0),(' 9787539951331','神经漫游者','[美]威廉·吉布森','1003',1,0),(' 9787539952680','银河帝国3：第二基地','[美]艾萨克·阿西莫夫','1003',1,0),(' 9787539962870','雪中悍刀行 1','烽火戏诸侯','1003',1,0),(' 9787539964188','时间移民','刘慈欣','1003',1,0),(' 9787539967363','沙丘','[美]弗兰克·赫伯特','1003',1,0),(' 9787539969879','零伯爵','[美]威廉·吉布森','1003',1,0),(' 9787539976327','所罗门的伪证','[日]宫部美雪','1005',1,0),(' 9787539982830','无声告白','[美]伍绮诗','1001',1,0),(' 9787539983288','银河帝国6 ：基地边缘','[美]艾萨克·阿西莫夫','1003',1,0),(' 9787539983318','银河帝国5：迈向基地','[美]艾萨克·阿西莫夫','1003',1,0),(' 9787539985718','完美末日','刘洋','1003',1,0),(' 9787539992426','夜色人生','[美]丹尼斯·勒翰','1005',1,0),(' 9787539999883','半小时漫画中国史（修订版）','二混子','1002',1,0),(' 9787540211981','福尔摩斯探案集','[英]阿瑟·柯南·道尔','1005',1,0),(' 9787540212438','海底两万里','凡尔纳','1003',1,0),(' 9787540213169','神秘岛','[法]儒勒·凡尔纳','1003',1,0),(' 9787540446765','十宗罪','蜘蛛','1005',1,0),(' 9787540457594','尸语者','秦明','1001',1,0),(' 9787540468422','坏小孩','紫金陈','1001',1,0),(' 9787540469245','第一日','(法)马克·李维','1003',1,0),(' 9787540472238','阿弥陀佛么么哒','大冰','1004',1,0),(' 9787540473990','告白','[日]凑佳苗','1005',1,0),(' 9787540474836','雪人','[挪威]尤·奈斯博','1001',1,0),(' 9787540476892','好吗好的','大冰','1004',1,0),(' 9787540479893','去，你的旅行','阿Sam','1004',1,0),(' 9787540485252','人间便利店','[日]村田沙耶香','1001',1,0),(' 9787540485818','散落星河的记忆4：璀璨','桐华','1003',1,0),(' 9787540486198','猫不存在','阿科','1003',1,0),(' 9787540487683','闪闪发光的人生','[日]小川糸','1001',1,0),(' 9787540490652','丹麦一年','[英]海伦•拉塞尔','1004',1,0),(' 9787540493455','灵魂漫长而黑暗的茶点时间','[英]道格拉斯·亚当斯','1003',1,0),(' 9787540497477','捡史','郭德纲','1002',1,0),(' 9787540498016','凡人之心','[英]威廉·博伊德','1001',1,0),(' 9787541093241','漫步巴黎','[法]夏尔·贝尔贝里安绘','1004',1,0),(' 9787541151293','变化的位面','[美]厄休拉·勒古恩','1003',1,0),(' 9787541155000','人生删除事务所','[日]本多孝好','1005',1,0),(' 9787542666468','有所不为的反叛者','罗新','1002',1,0),(' 9787542670427','我是谁，或什么','[美]侯世达','1003',1,0),(' 9787544237321','风声','麦家','1005',1,0),(' 9787544241694','嫌疑人X的献身','[日]东野圭吾','1001',1,0),(' 9787544242516','白夜行','[日]东野圭吾','1001',1,0),(' 9787544244190','牧羊少年奇幻之旅','[巴西]保罗·柯艾略','1001',1,0),(' 9787544244428','恶意','[日]东野圭吾','1001',1,0),(' 9787544245517','放学后','（日）东野圭吾','1001',1,0),(' 9787544245739','点与线','[日]松本清张','1005',1,0),(' 9787544247023','流星之绊','[日]东野圭吾','1005',1,0),(' 9787544253024','普罗旺斯的一年','[英]彼得•梅尔','1004',1,0),(' 9787544258210','秘密','[日]东野圭吾','1001',1,0),(' 9787544258937','毕业','[日]东野圭吾','1005',1,0),(' 9787544263689','狱门岛','[日]横沟正史','1005',1,0),(' 9787544264112','失明症漫记','[葡]若泽·萨拉马戈','1001',1,0),(' 9787544264471','幽暗国度','[英]V.S.奈保尔','1004',1,0),(' 9787544266123','一桩事先张扬的凶杀案','[哥伦比亚]加西亚·马尔克斯','1005',1,0),(' 9787544271851','银河英雄传说（全10册）','[日]田中芳树','1003',1,0),(' 9787544272247','远山在呼唤','[日]植村直己','1004',1,0),(' 9787544280662','沉默的巡游','[日]东野圭吾','1005',1,0),(' 9787544281102','新参者','[日]东野圭吾','1005',1,0),(' 9787544281331','红手指','[日]东野圭吾','1005',1,0),(' 9787544284974','环界2','[日]铃木光司','1003',1,0),(' 9787544285025','金色梦乡','[日]伊坂幸太郎','1005',1,0),(' 9787544285643','圣女的救济','[日]东野圭吾','1005',1,0),(' 9787544291224','放学后','[日]东野圭吾','1005',1,0),(' 9787544291811','幻夜','[日]东野圭吾','1005',1,0),(' 9787544292498','假如真有时光机','[日]村上春树','1004',1,0),(' 9787544294133','盛夏方程式','[日]东野圭吾','1005',1,0),(' 9787544296274','夏天、烟火和我的尸体','[日]乙一','1005',1,0),(' 9787544321815','湖边凶杀案','[日]东野圭吾','1005',1,0),(' 9787544710800','海底两万里','儒尔•凡尔纳(JulesVerne)','1001',1,0),(' 9787544711302','傲慢与偏见','[英]简·奥斯汀','1001',1,0),(' 9787544711760','致命尖端','[美]托马斯·品钦','1003',1,0),(' 9787544722803','树上的男爵','[意]伊塔洛·卡尔维诺','1001',1,0),(' 9787544738767','仿生人会梦见电子羊吗？','[美]菲利普·迪克','1003',1,0),(' 9787544740586','美国大城市的死与生','[加]简·雅各布斯','1002',1,0),(' 9787544756532','高堡奇人','[美]菲利普·迪克','1003',1,0),(' 9787544757225','火星救援','[美]安迪·威尔','1003',1,0),(' 9787544762564','弗兰肯斯坦','[英]玛丽·雪莱','1003',1,0),(' 9787544766791','降临','[美]特德·姜','1003',1,0),(' 9787544773003','五号屠场','[美]库尔特·冯内古特','1003',1,0),(' 9787544779364','你一生的故事','[美]特德·姜','1003',1,0),(' 9787544779401','约翰·契弗短篇小说集','[美]约翰·契弗','1001',1,0),(' 9787544779838','第三帝国的兴亡','[美]威廉·夏伊勒','1002',1,0),(' 9787544782128','月球城市','[美]安迪·威尔','1003',1,0),(' 9787544782982','日本沉没','[日]小松左京','1003',1,0),(' 9787545520446','遗落的南境2：当权者','[美]杰夫·范德米尔','1003',1,0),(' 9787545521436','遗落的南境（三部曲）','[美]杰夫•范德米尔','1003',1,0),(' 9787545552911','天下刀宗','雨楼清歌','1003',1,0),(' 9787545553918','穿越非洲两百年','郭建龙','1004',1,0),(' 9787545556476','赵宋','游彪','1002',1,0),(' 9787546200705','神雕侠侣（套装共4册）','金庸','1006',1,0),(' 9787546201511','鹿鼎记','金庸','1006',1,0),(' 9787546205601','倚天屠龙记','金庸','1006',1,0),(' 9787546205618','射雕英雄传','金庸','1006',1,0),(' 9787546206189','书剑恩仇录','金庸','1006',1,0),(' 9787546213408','笑傲江湖（新修版）','金庸','1006',1,0),(' 9787546352251','首无·作祟之物','[日]三津田信三','1005',1,0),(' 9787546374826','山魔·嗤笑之物','[日]三津田信三','1005',1,0),(' 9787547005545','吉祥纹莲花楼·玄武','藤萍','1003',1,0),(' 9787547308707','威尼斯——逝水迷城','[英]简·莫里斯','1004',1,0),(' 9787547316153','企鹅全球史','[英]J.M.罗伯茨','1002',1,0),(' 9787547710241','高智商犯罪','紫金陈','1005',1,0),(' 9787547738207','仙症','郑执','1001',1,0),(' 9787549246304','上海堡垒','江南','1003',1,0),(' 9787549379972','限隔山海','陈博翼','1002',1,0),(' 9787549501076','你一定爱读的极简欧洲史','[澳]约翰·赫斯特（JohnHirst）','1002',1,0),(' 9787549506200','天真的人类学家','[英]奈吉尔·巴利','1004',1,0),(' 9787549565115','献给阿尔吉侬的花束','[美]丹尼尔·凯斯','1001',1,0),(' 9787549574056','永恒的时光之旅','[日]星野道夫','1004',1,0),(' 9787549587667','奥斯曼帝国的衰亡','[英]尤金·罗根','1002',1,0),(' 9787549622559','海伯利安四部曲','[美]丹•西蒙斯','1003',1,0),(' 9787549625284','眼之壁','[日]松本清张','1005',1,0),(' 9787549631476','猎巫','[美]斯泰西·希夫','1002',1,0),(' 9787549632725','半小时漫画中国史5','陈磊','1002',1,0),(' 9787550007420','如果蜗牛有爱情','丁墨','1005',1,0),(' 9787550009899','他来了，请闭眼','丁墨','1005',1,0),(' 9787550019157','余生，请多指教','柏林石匠','1001',1,0),(' 9787550025103','默读','Priest','1001',1,0),(' 9787550210035','谷岳搭车去柏林','谷岳','1004',1,0),(' 9787550213524','一个人的朝圣','[英]蕾秋·乔伊斯','1001',1,0),(' 9787550230439','光明王','[美]罗杰·泽拉兹尼','1003',1,0),(' 9787550232815','清明上河图密码','冶文彪','1001',1,0),(' 9787550232822','中国古代文化常识','王力主编','1002',1,0),(' 9787550252530','胡金铨武侠电影作法','胡金铨述','1003',1,0),(' 9787550266537','有鹿来','苏枕书','1004',1,0),(' 9787550291225','黑暗的左手','[美]厄休拉·勒古恩','1003',1,0),(' 9787550293151','拉普拉斯的魔女','[日]东野圭吾','1005',1,0),(' 9787553452913','安迪密恩','(美)丹·西蒙斯','1003',1,0),(' 9787553452920','安迪密恩的觉醒','(美)丹·西蒙斯','1003',1,0),(' 9787553452937','海伯利安','[美]丹·西蒙斯','1003',1,0),(' 9787553520643','平面国','埃德温·A·艾勃特','1001',1,0),(' 9787553811550','简读中国史','张宏杰','1002',1,0),(' 9787555103097','机器人大师','(波兰)斯坦尼斯拉夫·莱姆','1003',1,0),(' 9787555239925','一寸相思','紫微流年','1003',1,0),(' 9787555910510','月球家族','(英)伊恩·麦克唐纳','1003',1,0),(' 9787556116904','万古江河','许倬云','1002',1,0),(' 9787557021825','阿鼻剑：第二部 觉醒','郑问','1003',1,0),(' 9787557022310','废墟美国','潘然','1004',1,0),(' 9787559403223','永恒的边缘','[英]肯·福莱特','1002',1,0),(' 9787559416551','与罗摩相会','[英]阿瑟·克拉克','1003',1,0),(' 9787559417947','侣行3','张昕宇','1004',1,0),(' 9787559418111','半小时漫画世界史','陈磊（笔名：二混子）','1002',1,0),(' 9787559420046','遥远的地球之歌','[英]阿瑟·克拉克','1003',1,0),(' 9787559431691','镖人','许先哲','1003',1,0),(' 9787559433626','人类群星闪耀时','[奥地利]斯蒂芬·茨威格','1002',1,0),(' 9787559434517','万物的终结','[美]约翰·斯卡尔齐','1003',1,0),(' 9787559435453','古代人的日常生活','讲历史的王老师','1002',1,0),(' 9787559436399','破云','淮上','1005',1,0),(' 9787559441621','镖人','许先哲','1003',1,0),(' 9787559442949','遗忘之海','尼尔·盖曼','1001',1,0),(' 9787559444653','八百万种死法','[美]劳伦斯·布洛克','1001',1,0),(' 9787559444677','送奶工','[英]安娜·伯恩斯','1001',1,0),(' 9787559449436','镖人','许先哲','1002',1,0),(' 9787559608062','世界的词语是森林','[美]厄休拉·勒古恩','1003',1,0),(' 9787559611567','白金数据','[日]东野圭吾','1005',1,0),(' 9787559613363','只有时间知道','蕾拉小姐（许婧）','1004',1,0),(' 9787559617613','如何看懂艺术','翁昕','1004',1,0),(' 9787559617798','京都好物','骆仪主编','1004',1,0),(' 9787559622754','镖人','许先哲','1003',1,0),(' 9787559625793','镖人','许先哲','1003',1,0),(' 9787559628442','镖人','许先哲','1003',1,0),(' 9787559630308','镖人','许先哲','1003',1,0),(' 9787559631671','镖人','许先哲','1003',1,0),(' 9787559639301','往复书简：初恋与不伦','[日]坂元裕二','1001',1,0),(' 9787559640185','仿佛若有光','黄菊','1004',1,0),(' 9787559640666','秋园','杨本芬','1002',1,0),(' 9787559641182','绝叫','[日]叶真中显','1005',1,0),(' 9787559642325','小蘑菇','一十四洲','1003',1,0),(' 9787559642882','项塔兰','[澳大利亚]格里高利·大卫·罗伯兹','1001',1,0),(' 9787559644534','唐风落日染白袍','飘灯','1003',1,0),(' 9787559807656','宋徽宗','[美]伊沛霞','1002',1,0),(' 9787559817518','渺小一生','[美]柳原汉雅','1001',1,0),(' 9787559817815','书店日记','[英]肖恩·白塞尔','1001',1,0),(' 9787559823144','小行星掉在下午','沈大成','1003',1,0),(' 9787559826060','小手','[西]安德烈斯·巴尔瓦','1001',1,0),(' 9787559826329','聋哑时代','双雪涛','1001',1,0),(' 9787559826398','光明共和国','[西]安德烈斯·巴尔瓦','1001',1,0),(' 9787559826725','宋仁宗：共治时代','吴钩','1002',1,0),(' 9787559828309','土星之环','[德]W.G.塞巴尔德','1001',1,0),(' 9787559829092','巫师','[英]罗纳德·赫顿','1002',1,0),(' 9787559830753','旅行中的文学课','卢桢','1004',1,0),(' 9787563349128','人类的群星闪耀时','[奥地利]斯蒂芬·茨威格','1002',1,0),(' 9787563397648','台北人','白先勇','1001',1,0),(' 9787568046466','远离尘嚣之地','(比)黛比·帕皮恩','1004',1,0),(' 9787568283885','惊奇','[美]亚历克·内瓦拉-李','1003',1,0),(' 9787569927276','爱伦·坡的怪奇物语','[美]埃德加·爱伦·坡','1005',1,0),(' 9787571005351','威尼斯书','[澳]苏菲·厄尔林','1004',1,0),(' 9787572204180','伟大的孤独','[美]克莉丝汀·汉娜','1001',1,0),(' 9787600671359','剑桥中国史（全十册）','[美]费正清','1002',1,0),(' 9787801423849','行者无疆','余秋雨','1004',1,0),(' 9787801655011','明朝那些事儿（陆）','当年明月','1002',1,0),(' 9787801656087','明朝那些事儿（1-9）','当年明月','1001',1,0),(' 9787802140332','昆仑1','凤歌','1003',1,0),(' 9787802254930','希腊棺材之谜','[美]埃勒里·奎因','1005',1,0),(' 9787802255036','占星术杀人魔法','[日]岛田庄司','1005',1,0),(' 9787802258112','第四扇门','[法]保罗·霍尔特','1005',1,0),(' 9787802281653','剑歌','沧月','1003',1,0),(' 9787805420813','多情剑客无情剑','古龙','1006',1,0),(' 9787806019726','海伯利安','[美]丹·西蒙斯','1003',1,0),(' 9787806070642','三少爷的剑','古龙','1006',1,0),(' 9787806070666','流星·蝴蝶·剑','古龙','1006',1,0),(' 9787806070697','陆小凤传奇','古龙','1006',1,0),(' 9787806070703','楚留香传奇','古龙','1006',1,0),(' 9787806070727','绝代双骄（全三册）','古龙','1006',1,0),(' 9787806073216','边城浪子（上下）','古龙','1006',1,0),(' 9787806272015','文化苦旅','余秋雨','1004',1,0),(' 9787806553367','连城诀','金庸','1006',1,0),(' 9787806553374','天龙八部（全五册）','金庸','1006',1,0),(' 9787806570920','飘','[美]玛格丽特·米切尔','1001',1,0),(' 9787806574676','神秘岛','[法]儒勒·凡尔纳','1003',1,0),(' 9787806783290','中国古代服饰研究','沈从文','1002',1,0),(' 9787806812297','麦琪的礼物','[美]欧·亨利','1001',1,0),(' 9787807450825','欧洲中世纪史','朱迪斯.M.本内特','1002',1,0),(' 9787807463726','艺术的故事','[英]贡布里希','1002',1,0),(' 9787807657613','小李飞刀1：多情剑客无情剑（上中下）','古龙','1006',1,0),(' 9787807658047','七种武器 1：长生剑·孔雀翎','古龙','1006',1,0),(' 9787807658061','七种武器3：离别钩·霸王枪','古龙','1006',1,0),(' 9787807658085','萧十一郎','古龙','1006',1,0),(' 9787807681014','北欧，冰与火之地的寻真之旅','[英]迈克尔·布斯','1004',1,0),(' 9787807695912','死亡通知单·暗黑者','周浩晖','1005',1,0),(' 9787929114117','动物园','乙一','1005',1,0),(' 9788721304621','明朝那些事儿','当年明月','1002',1,0),(' 9789576433498','新世紀福音戰士01','原作：GAINAX','1003',1,0),(' 9789622731578','最後的問題 : 西方短篇科幻小說精選','[美]艾萨克·阿西莫夫','1003',1,0),(' 9789811853432','死人经','冰临神下','1003',1,0),(' 9789861186887','PLUTO~冥王~01','[日]浦泽直树','1003',1,0),(' 9789861790725','一個人去旅行','[日]高木直子','1004',1,0),(' 9789861796000','歐洲無聊日記','伊丹十三','1004',1,0),(' 9789862353127','緬甸小日子','居.得立勒(GuyDelisle)','1004',1,0),(' 9789865848217','二零一三','非天夜翔','1003',1,0),(' 9789868646766','尋路中國','何偉','1004',1,0),(' 9789900187813','南渡北归','岳南','1002',1,0);
/*!40000 ALTER TABLE `books` ENABLE KEYS */;
UNLOCK TABLES;

--
-- Table structure for table `log`
--

DROP TABLE IF EXISTS `log`;
/*!40101 SET @saved_cs_client     = @@character_set_client */;
/*!40101 SET character_set_client = utf8 */;
CREATE TABLE `log` (
  `ISBN` varchar(20) NOT NULL,
  `u_ID` varchar(20) NOT NULL,
  `start_time` date NOT NULL,
  `rule_time` date NOT NULL,
  `true_time` date NOT NULL,
  `fail_status` varchar(20) DEFAULT NULL,
  `deal_status` varchar(20) DEFAULT NULL
) ENGINE=InnoDB DEFAULT CHARSET=utf8;
/*!40101 SET character_set_client = @saved_cs_client */;

--
-- Dumping data for table `log`
--

LOCK TABLES `log` WRITE;
/*!40000 ALTER TABLE `log` DISABLE KEYS */;
INSERT INTO `log` VALUES (' 9780307887436','123456','2020-12-07','2021-01-06','2021-01-07','1','0'),(' 9780441172719','123456','2020-12-07','2021-01-06','2021-01-07','1','1'),(' 9787020160488','123456','2020-12-07','2021-01-06','2020-12-07','0','0'),(' 9787020164776','123456','2020-12-07','2021-01-06','2020-12-07','0','0'),(' 9780441172719','123456','2020-12-07','2021-01-06','2021-01-07','1','1'),(' 9780743294744','123456','2020-12-07','2021-03-07','2020-12-07','0','0'),(' 9785282111408','123456','2020-12-07','2021-01-06','2020-12-07','0','0'),(' 9780441172719','201900130024','2020-12-07','2021-03-07','2020-12-07','0','0');
/*!40000 ALTER TABLE `log` ENABLE KEYS */;
UNLOCK TABLES;

--
-- Table structure for table `type_b`
--

DROP TABLE IF EXISTS `type_b`;
/*!40101 SET @saved_cs_client     = @@character_set_client */;
/*!40101 SET character_set_client = utf8 */;
CREATE TABLE `type_b` (
  `type_ID` varchar(10) NOT NULL,
  `type_name` varchar(10) NOT NULL,
  PRIMARY KEY (`type_ID`)
) ENGINE=InnoDB DEFAULT CHARSET=utf8;
/*!40101 SET character_set_client = @saved_cs_client */;

--
-- Dumping data for table `type_b`
--

LOCK TABLES `type_b` WRITE;
/*!40000 ALTER TABLE `type_b` DISABLE KEYS */;
INSERT INTO `type_b` VALUES ('1001','小说'),('1002','历史'),('1003','科幻'),('1004','旅行'),('1005','推理'),('1006','武侠');
/*!40000 ALTER TABLE `type_b` ENABLE KEYS */;
UNLOCK TABLES;

--
-- Table structure for table `user`
--

DROP TABLE IF EXISTS `user`;
/*!40101 SET @saved_cs_client     = @@character_set_client */;
/*!40101 SET character_set_client = utf8 */;
CREATE TABLE `user` (
  `u_ID` varchar(20) NOT NULL,
  `u_pwd` varchar(20) NOT NULL,
  `u_name` varchar(20) NOT NULL,
  `u_number` int(11) DEFAULT NULL,
  `u_fail` int(11) DEFAULT NULL,
  PRIMARY KEY (`u_ID`)
) ENGINE=InnoDB DEFAULT CHARSET=utf8;
/*!40101 SET character_set_client = @saved_cs_client */;

--
-- Dumping data for table `user`
--

LOCK TABLES `user` WRITE;
/*!40000 ALTER TABLE `user` DISABLE KEYS */;
INSERT INTO `user` VALUES ('123456','123456','测试',4,2),('201800130023','123456','呼斯乐',0,0),('201818180219','123456','马欣烜',0,0),('201900121061','123456','朱明航',0,0),('201900122025','123456','许俊豪',0,0),('201900122050','123456','朱利航',0,0),('201900130001','123456','牛布瑾',0,0),('201900130005','123456','刘沛戬',0,0),('201900130006','123456','史贺元',0,0),('201900130008','123456','于腾博',0,0),('201900130010','123456','梁秋阳',0,0),('201900130012','1234','冯智洋',0,0),('201900130015','1234567','李德锋',0,0),('201900130016','123456','孙瀚康',0,0),('201900130018','123456','刘力华',0,0),('201900130020','123456','雷志鹏',0,0),('201900130023','123456','王楠',0,0),('201900130024','123456','刘士渤',0,0),('201900130025','123456','杨乐',0,0),('201900130027','123456','刘琨',0,0),('201900130053','123456','叶苏伟',0,0),('201900130054','123456','徐光伟',0,0),('201900130062','123456','王康伟',0,0),('201900130069','123456','许凯歌',0,0),('201900130071','123456','李取贺',0,0),('201900130073','123456','李隆华',0,0),('201900130075','123456','赵怡然',0,0),('201900130085','123456','赵江淼',0,0),('201900130087','123456','魏玉林',0,0),('201900130089','123456','庞晓龙',0,0),('201900130091','123456','姜华巍',0,0),('201900130097','123456','王宇航',0,0),('201900130098','123','田云霄',0,0),('201900130101','123456','王昊轩',0,0),('201900130103','123456','孟琛',0,0),('201900130111','123456','乔婧',0,0),('201900130114','123456','朱召琪',0,0),('201900130115','123456','齐育斌',0,0),('201900130120','123456','王志涛',0,0),('201900130122','123456','谢晓宇',0,0),('201900130123','123456','陶雨轩',0,0),('201900130134','123456','高银基',0,0),('201900130138','123456','陈胜杰',0,0),('201900130140','123456','李焱',0,0),('201900130142','123456','廖渊昱',0,0),('201900130143','123456','吴家麒',0,0),('201900130144','123456','凌扬',0,0),('201900130147','123456','苏倩仪',0,0),('201900130151','123456','莫甫龙',0,0),('201900130156','123456','陈正奇',0,0),('201900130157','123456','徐英博',0,0),('201900130176','123456','李伟国',0,0),('201900131028','123456','冯子恺',0,0),('201900140093','123456','张菊华',0,0),('201900150116','123456','张子贤',0,0),('201900161098','123456','马田慧',0,0),('201900170249','123456','李阳',0,0),('201900180065','123456','倪诗宇',0,0),('201900180116','123456','牟家慧',0,0),('201900202054','123456','袁云圣',0,0),('201900202137','123456','邓卓凡',0,0),('201900271077','123456','钟秋愉',0,0),('201900301128','123456','赵炳臣',0,0),('201900301174','123456','韩旭',0,0),('201900303042','123456','朱施宇',0,0),('201901130181','123456','罗皓文',0,0),('201902130185','123456','梁晓辉',0,0),('201905130190','123456','惠浩',0,0),('201905130192','123456','郑得贤',0,0),('201905130194','123456','何凯琦',0,0),('201905130203','123456','何宇川',0,0),('201918130222','123456','魏江峰',0,0),('201918130223','123456','刘庆典',0,0),('201918130225','123456','李素珍',0,0),('201918130230','123456','普云龙',0,0),('201918130233','123456','李文婷',0,0),('201918138210','123456','李博韬',0,0),('201918180232','123456','段辉莹',0,0),('201918180233','123456','覃映实',0,0),('201920130242','123456','张振民',0,0),('201920130247','123456','李研',0,0),('201922150271','123456','刘博睿',0,0),('201922161291','123456','陈怡然',0,0);
/*!40000 ALTER TABLE `user` ENABLE KEYS */;
UNLOCK TABLES;

--
-- Table structure for table `user_books`
--

DROP TABLE IF EXISTS `user_books`;
/*!40101 SET @saved_cs_client     = @@character_set_client */;
/*!40101 SET character_set_client = utf8 */;
CREATE TABLE `user_books` (
  `ISBN` varchar(20) NOT NULL,
  `u_ID` varchar(20) NOT NULL,
  `start_time` date NOT NULL,
  `rule_time` date NOT NULL,
  `readed` int(11) NOT NULL,
  `retimes` int(11) NOT NULL,
  `fail_status` varchar(20) DEFAULT NULL,
  PRIMARY KEY (`ISBN`)
) ENGINE=InnoDB DEFAULT CHARSET=utf8;
/*!40101 SET character_set_client = @saved_cs_client */;

--
-- Dumping data for table `user_books`
--

LOCK TABLES `user_books` WRITE;
/*!40000 ALTER TABLE `user_books` DISABLE KEYS */;
INSERT INTO `user_books` VALUES ('9780307887436','123456','2020-10-07','2020-11-07',1,0,'1'),('9780486272634','123456','2020-12-07','2021-02-05',0,1,'0'),('9785214589626','123456','2020-12-07','2021-01-06',0,0,'0'),('9786547544887','123456','2020-12-07','2021-01-06',0,0,'0');
/*!40000 ALTER TABLE `user_books` ENABLE KEYS */;
UNLOCK TABLES;
/*!40103 SET TIME_ZONE=@OLD_TIME_ZONE */;

/*!40101 SET SQL_MODE=@OLD_SQL_MODE */;
/*!40014 SET FOREIGN_KEY_CHECKS=@OLD_FOREIGN_KEY_CHECKS */;
/*!40014 SET UNIQUE_CHECKS=@OLD_UNIQUE_CHECKS */;
/*!40101 SET CHARACTER_SET_CLIENT=@OLD_CHARACTER_SET_CLIENT */;
/*!40101 SET CHARACTER_SET_RESULTS=@OLD_CHARACTER_SET_RESULTS */;
/*!40101 SET COLLATION_CONNECTION=@OLD_COLLATION_CONNECTION */;
/*!40111 SET SQL_NOTES=@OLD_SQL_NOTES */;

-- Dump completed on 2020-12-13 13:11:40
